epoch,gen_loss,disc_loss,val_gen_loss,val_disc_loss
1,0.7409166097640991,1.3848474025726318,0.751511886715889,1.3781582415103912
2,0.789177417755127,1.3538408279418945,0.7942228615283966,1.3652759492397308
3,0.8087209463119507,1.3619556427001953,0.8035140484571457,1.3647213280200958
4,0.7895586490631104,1.363067626953125,0.7894409000873566,1.380772441625595
5,0.7690625190734863,1.3762258291244507,0.7794027179479599,1.3922794461250305
